微信支付账单明细,,,,,,,,,,
微信昵称：[示例用户],,,,,,,,,,
起始时间：[2026-08-01 00:00:00] 终止时间：[2026-08-31 23:59:59],,,,,,,,,,
导出类型：[全部],,,,,,,,,,
导出时间：[2026-09-01 10:00:00],,,,,,,,,,
,,,,,,,,,,
共20笔记录,,,,,,,,,,
收入：3笔 367.00元,,,,,,,,,,
支出：15笔 1462.10元,,,,,,,,,,
中性交易：2笔 3000.00元,,,,,,,,,,
注：,,,,,,,,,,
1. 充值/提现/理财通购买/零钱通存取/信用卡还款交易，将计入中性交易,,,,,,,,,,
2. 本明细仅展示当前账单中的交易，不包括已删除的记录,,,,,,,,,,
3. 本明细仅供个人对账使用,,,,,,,,,,
----------------------微信支付账单明细列表--------------------,,,,,,,,,,
交易时间,交易类型,交易对方,商品,收/支,金额(元),支付方式,当前状态,交易单号,商户单号,备注
2026-08-01 08:12:07,商户消费,瑞幸咖啡,生椰拿铁,支出,¥9.90,零钱,支付成功,4200002601010001	,LK202608010001	,/
2026-08-01 12:05:20,商户消费,美团外卖,美团外卖订单-老乡鸡,支出,¥28.50,招商银行储蓄卡(1234),支付成功,4200002601010002	,MT202608010002	,/
2026-08-02 07:40:32,商户消费,上海地铁,乘车码,支出,¥4.00,零钱通,支付成功,4200002601020003	,METRO0802	,/
2026-08-02 19:20:32,商户消费,盒马,盒马鲜生-日用百货,支出,¥156.30,零钱,支付成功,4200002601020004	,HM0802	,/
2026-08-03 21:00:41,转账,李雷,/,支出,¥500.00,零钱,已转账,1000050001202608020005	,/,房租分摊
2026-08-04 10:15:55,微信红包,韩梅梅,/,收入,¥88.00,/,已存入零钱,1000039001202608030006	,/,/
2026-08-05 13:30:06,商户消费,京东,京东-Apple 数据线,支出,¥79.00,零钱,已全额退款,4200002601050007	,JD0805	,/
2026-08-06 09:02:56,退款,京东,京东-Apple 数据线,收入,¥79.00,零钱,已退款,5000002601060008	,JD0805R	,/
2026-08-07 18:45:14,商户消费,中国移动,话费充值,支出,¥50.00,零钱,支付成功,4200002601070009	,CMCC0807	,/
2026-08-08 20:10:57,商户消费,猫眼电影,电影票2张,支出,¥79.80,零钱,支付成功,4200002601080010	,MY0808	,/
2026-08-09 12:30:38,商户消费,沙县小吃(南京路店),午餐,支出,¥18.00,零钱,支付成功,4200002601090011	,SX0809	,/
2026-08-10 15:00:39,商户消费,美年大健康,体检套餐,支出,¥399.00,招商银行储蓄卡(1234),支付成功,4200002601100012	,MN0810	,/
2026-08-11 09:00:35,零钱提现,招商银行,/,/,¥1000.00,零钱,提现已到账,1000060001202608110013	,/,/
2026-08-12 22:13:26,商户消费,拼多多平台商户,洗衣液3瓶,支出,¥39.90,零钱,支付成功,4200002601120014	,PDD0812	,/
2026-08-13 08:50:50,商户消费,滴滴出行,快车,支出,¥23.60,零钱,支付成功,4200002601130015	,DD0813	,/
2026-08-14 12:00:36,商户消费,饿了么,饿了么订单-麦当劳,支出,¥35.00,零钱,支付失败,4200002601140016	,ELM0814	,/
2026-08-15 10:00:35,二维码收款,王小明,/,收入,¥200.00,/,已收钱,1000039001202608150017	,/,一起买的礼物
2026-08-16 19:30:53,商户消费,海底捞,晚餐,支出,¥268.00,零钱,支付成功,4200002601160018	,HDL0816	,/
2026-08-17 11:11:46,商户消费,爱奇艺,黄金VIP连续包月,支出,¥25.00,零钱,支付成功,4200002601170019	,IQY0817	,/
2026-08-19 14:00:49,信用卡还款,招商银行信用卡,/,/,¥2000.00,零钱通,还款成功,1000060001202608190020	,/,/
