支付宝交易记录明细查询,,,,,,,,,,,,
账号:[138****0000],,,,,,,,,,,,
起始日期:[2026-08-01 00:00:00]    终止日期:[2026-08-31 23:59:59],,,,,,,,,,,,
---------------------------------交易记录明细列表------------------------------------,,,,,,,,,,,,
交易时间,交易分类,交易对方,对方账号,商品说明,收/支,金额,收/付款方式,交易状态,交易订单号,商家订单号,备注,
2026-08-01 07:55:49,交通出行,哈啰出行,hello***@hellobike.com,哈啰单车骑行,支出,1.50,余额宝,交易成功,2026080122001100001,HB0801,,
2026-08-01 12:40:31,餐饮美食,肯德基,kfc***@yum.com,KFC宅急送,支出,42.00,花呗,交易成功,2026080122001100002,KFC0801,,
2026-08-02 09:00:48,日用百货,全家便利店,,早餐,支出,12.50,余额宝,交易成功,2026080222001100003,FM0802,,
2026-08-03 18:30:49,住房物业,国网上海电力,,电费,支出,186.40,余额宝,交易成功,2026080322001100004,SGCC0803,,
2026-08-04 20:00:37,服饰装扮,优衣库官方旗舰店,,U系列T恤 2件,支出,158.00,花呗,交易成功,2026080422001100005,UQ0804,,
2026-08-05 08:30:28,交通出行,上海公共交通卡,,公交,支出,2.00,余额宝,交易成功,2026080522001100006,BUS0805,,
2026-08-06 12:00:15,餐饮美食,喜茶,,多肉葡萄,支出,19.00,余额宝,交易成功,2026080622001100007,HT0806,,
2026-08-07 10:00:00,转账红包,韩梅梅,han***@qq.com,转账,收入,300.00,余额,交易成功,2026080722001100008,,上月水电,
2026-08-08 15:20:39,数码电器,小米有品,,小米手环 9,支出,249.00,花呗,交易成功,2026080822001100009,MI0808,,
2026-08-09 15:25:05,数码电器,小米有品,,小米手环 9,不计收支,249.00,花呗,退款成功,2026080822001100009,MI0808,,
2026-08-10 21:00:07,文化休闲,大麦网,,演唱会门票,支出,680.00,余额宝,交易成功,2026081022001100010,DM0810,,
2026-08-11 09:30:18,医疗健康,叮当快药,,感冒药,支出,36.80,余额宝,交易成功,2026081122001100011,DD0811,,
2026-08-12 13:00:52,教育培训,得到App,,年度会员,支出,388.00,余额宝,交易成功,2026081222001100012,DD0812,,
2026-08-13 12:00:06,餐饮美食,老乡鸡,,午餐,支出,26.00,余额宝,交易成功,2026081322001100013,LXJ0813,,
2026-08-14 00:05:28,投资理财,余额宝,,余额宝-转入,不计收支,3000.00,余额,交易成功,2026081422001100014,,,
2026-08-15 19:00:00,餐饮美食,海底捞,,晚餐（AA）,支出,268.00,余额宝,交易成功,2026081522001100015,HDL0815,,
2026-08-16 10:00:52,充值缴费,中国联通,,话费,支出,99.00,余额宝,交易成功,2026081622001100016,CU0816,,
2026-08-17 08:00:57,收入,某某科技有限公司,,8月工资,收入,12000.00,余额,交易成功,2026081722001100017,PAY0817,,
2026-08-18 20:00:43,酒店旅游,携程旅行,,杭州西湖酒店 2晚,支出,780.00,花呗,交易成功,2026081822001100018,CT0818,,
2026-08-19 12:00:31,餐饮美食,瑞幸咖啡,,美式,支出,9.90,余额宝,交易关闭,2026081922001100019,LK0819,,
------------------------------------------------------------------------------------,,,,,,,,,,,,
共20笔记录,,,,,,,,,,,,
收入：2笔 12300.00元,,,,,,,,,,,,
支出：17笔 3167.10元,,,,,,,,,,,,
不计收支：2笔 3249.00元,,,,,,,,,,,,
导出时间:[2026-09-01 10:05:00]    用户:示例用户,,,,,,,,,,,,
